,Player,Pos,season_WAR,avg_ww_pWAS,avg_pWAS,games_played
47,Bruno Fernandes,M,1.7482833333333332,-0.0398969696969697,0.11903787878787876,11
135,Jack Grealish,M,1.7247833333333333,-0.0399875,0.10374444444444446,12
125,Harry Kane,F,1.4468000000000003,-0.04465238095238096,0.058690476190476196,14
196,Kevin De Bruyne,M,1.3863333333333332,-0.043624242424242426,0.08240606060606061,11
245,Mohamed Salah,F,1.3520499999999998,-0.04713472222222223,0.06553611111111109,12
154,Jamie Vardy,F,1.2136500000000001,-0.0470513888888889,0.05408611111111111,12
87,Dominic Calvert-Lewin,F,1.189833333333333,-0.04465238095238096,0.040335714285714294,14
323,Son Heung-Min,F,1.05825,-0.04538076923076924,0.03602307692307691,13
34,Ben Chilwell,D,0.9669666666666666,-0.030233333333333327,0.06646333333333333,10
201,Kurt Zouma,D,0.9609833333333333,-0.0329025641025641,0.04101923076923078,13
136,Jack Harrison,M,0.9515666666666667,-0.037130303030303034,0.04937575757575758,11
21,Andrew Robertson,D,0.9224333333333333,-0.03049642857142857,0.03539166666666666,14
225,Mason Mount,M,0.8972166666666668,-0.04007083333333334,0.034697222222222227,12
153,James Ward-Prowse,M,0.8952333333333333,-0.038948809523809524,0.024996428571428576,14
151,James Rodriguez,M,0.83895,-0.03948166666666667,0.04441333333333334,10
164,Joao Cancelo,D,0.8260666666666666,-0.03907962962962963,0.052705555555555554,9
156,Jannik Vestergaard,D,0.8178833333333334,-0.02991666666666667,0.03824027777777778,12
309,Sadio Mane,F,0.7958833333333334,-0.04719545454545455,0.025157575757575757,11
351,Vladimir Coufal,D,0.7814166666666666,-0.032707575757575755,0.03833030303030302,11
288,Reece James,D,0.73755,-0.027642424242424243,0.03940757575757576,11
274,Patrick Bamford,F,0.6932999999999999,-0.04465238095238096,0.004869047619047613,14
209,Lucas Digne,D,0.6713,-0.027356250000000006,0.05655625000000001,8
278,Pedro Neto,F,0.66495,-0.046305128205128214,0.0048448717948718,13
74,Daniel Podence,M,0.6629166666666665,-0.037561538461538466,0.013432051282051275,13
329,Tammy Abraham,F,0.6411833333333332,-0.03843571428571429,0.05316190476190476,7
22,Andros Townsend,M,0.6340333333333333,-0.03737121212121213,0.020268181818181814,11
228,Mateusz Klich,M,0.62855,-0.03899615384615385,0.009353846153846154,13
348,Tyrone Mings,D,0.6215666666666667,-0.028537500000000004,0.02325972222222222,12
219,Marcus Rashford,F,0.6147666666666665,-0.041987500000000004,0.00924305555555555,12
354,Wilfried Zaha,M,0.61075,-0.039038888888888894,0.011856944444444443,12
322,Solly March,M,0.59515,-0.039433333333333334,0.00634743589743589,13
272,Pascal Gross,M,0.59255,-0.04556666666666667,0.053191666666666665,6
338,Timothy Castagne,D,0.5788166666666666,-0.031040476190476198,0.05164761904761904,7
52,Callum Wilson,F,0.5767,-0.047555555555555566,0.0005027777777777779,12
146,James Justin,D,0.5547666666666666,-0.03049642857142857,0.009129761904761901,14
147,James Maddison,M,0.5441,-0.03443958333333334,0.033572916666666675,8
26,Antonee Robinson,D,0.5392833333333333,-0.032707575757575755,0.01631818181818182,11
75,Danny Ings,F,0.5370000000000001,-0.05393518518518519,0.005731481481481476,9
78,Darnell Furlong,D,0.5230333333333335,-0.031035897435897433,0.0091974358974359,13
292,Riyad Mahrez,F,0.5176499999999999,-0.03464814814814815,0.022868518518518517,9
19,Andre-Frank Zambo Anguissa,M,0.5154666666666666,-0.04291388888888889,4.1666666666662654e-05,12
301,Ross Barkley,M,0.5144333333333333,-0.04037666666666667,0.06250999999999998,5
126,Harry Maguire,D,0.5069833333333335,-0.029882051282051285,0.009116666666666665,13
1,Aaron Cresswell,D,0.5057666666666666,-0.03049642857142857,0.0056297619047619065,14
352,Wesley Fofana,D,0.5046666666666666,-0.03363000000000001,0.01683666666666666,10
152,James Tarkowski,D,0.4991333333333333,-0.032707575757575755,0.012668181818181808,11
229,Matheus Pereira,M,0.49798333333333344,-0.03774583333333333,0.024502083333333348,8
122,Gylfi Sigurdsson,M,0.4954666666666666,-0.03735,0.04522777777777776,6
291,Richarlison,F,0.4793166666666667,-0.04716166666666667,0.000770000000000004,10
28,Anwar El Ghazi,M,0.46671666666666667,-0.023366666666666664,0.20999166666666666,2
155,Jan Bednarek,D,0.4655166666666668,-0.026693055555555557,0.012099999999999998,12
343,Tomas Soucek,M,0.4635333333333333,-0.038948809523809524,-0.005839285714285722,14
56,Che Adams,F,0.4562833333333332,-0.04465238095238096,-0.01206071428571429,14
123,Hakim Ziyech,M,0.45213333333333333,-0.04438333333333334,0.06865,4
29,Arthur Masuaku,D,0.44273333333333337,-0.03272592592592593,0.016466666666666668,9
234,Matthew Cash,D,0.43663333333333343,-0.030739393939393945,0.008954545454545455,11
230,Matt Doherty,D,0.4291666666666667,-0.02651666666666667,0.04501111111111111,6
319,Serge Aurier,D,0.4112166666666667,-0.033481250000000004,0.01792083333333333,8
233,Matt Targett,D,0.4102833333333334,-0.028537500000000004,0.005652777777777778,12
267,Ollie Watkins,F,0.39200000000000007,-0.041987500000000004,-0.009320833333333332,12
331,Tariq Lamptey,D,0.3890833333333333,-0.031598148148148146,0.011633333333333325,9
332,Theo Walcott,M,0.38874999999999993,-0.039651851851851855,0.003542592592592591,9
157,Jarrod Bowen,M,0.38780000000000003,-0.038948809523809524,-0.011248809523809524,14
258,Nelson Semedo,D,0.38168333333333354,-0.02991666666666667,0.0018902777777777848,12
264,Oliver McBurnie,F,0.3761833333333333,-0.04158809523809524,0.012152380952380953,7
295,Roberto Firmino,F,0.36840000000000006,-0.04549230769230769,-0.01715384615384616,13
203,Kyle Walker,D,0.36478333333333346,-0.030739393939393945,0.0024227272727272747,11
317,Sebastien Haller,F,0.36021666666666663,-0.03979523809523809,0.011664285714285709,7
337,Timo Werner,F,0.35658333333333336,-0.04465238095238096,-0.019182142857142852,14
37,Ben Mee,D,0.34451666666666675,-0.02842380952380953,0.02079285714285715,7
91,Eberechi Eze,M,0.3429166666666667,-0.0388925925925926,-0.00079074074074074,9
183,Jorginho,M,0.34211666666666674,-0.034416666666666665,0.022602777777777788,6
313,Scott McTominay,M,0.3419166666666667,-0.04460833333333333,-0.0018687499999999885,8
60,Christian Benteke,F,0.3312833333333333,-0.038111111111111116,0.07231666666666665,3
168,Joel Matip,D,0.32618333333333344,-0.04088666666666667,0.024350000000000017,5
176,John McGinn,M,0.32515000000000016,-0.0399875,-0.012891666666666668,12
161,Jeffrey Schlupp,M,0.3227833333333333,-0.0423537037037037,-0.006488888888888887,9
102,Ezri Konsa Ngoyo,D,0.3221166666666667,-0.02806833333333334,0.00414333333333333,10
299,Romain Saiss,D,0.31688333333333335,-0.027700000000000006,0.011910416666666665,8
341,Tom Cairney,M,0.3100833333333334,-0.037804166666666666,0.000956249999999997,8
8,Ademola Lookman,F,0.30908333333333327,-0.035425,-0.004516666666666671,10
128,Harvey Barnes,M,0.3071333333333334,-0.03650333333333334,-0.005789999999999994,10
298,Rodrigo Moreno,F,0.2963833333333334,-0.03598,0.023296666666666677,5
326,Stuart Armstrong,M,0.29248333333333343,-0.042271212121212126,-0.015681818181818182,11
43,Bertrand Traore,M,0.2756,-0.027466666666666667,0.0644,3
334,Thiago Silva,D,0.2735833333333334,-0.02545833333333334,0.001899999999999999,10
14,Alex Telles,D,0.26808333333333334,-0.02434583333333334,0.042674999999999984,4
358,Yerry Mina,D,0.26654999999999995,-0.03715138888888889,-0.014938888888888892,12
177,John Stones,D,0.26645,-0.03302000000000001,0.02027,5
241,Michail Antonio,M,0.2658833333333333,-0.04034,0.012836666666666663,5
206,Leandro Trossard,M,0.25744999999999996,-0.03777222222222223,-0.009166666666666663,9
129,Hector Bellerin,D,0.25671666666666676,-0.030431944444444445,-0.009038888888888881,12
321,Sergio Reguilon,D,0.25665000000000004,-0.036470370370370375,-0.007953703703703704,9
296,Robin Koch,D,0.24863333333333337,-0.02715833333333334,-0.0022950000000000028,10
55,Charlie Taylor,D,0.2453166666666667,-0.029882051282051285,-0.011011538461538465,13
287,Rayan Ait-Nouri,D,0.2385,-0.04615416666666666,0.01347083333333333,4
285,Raphinha,F,0.2382166666666667,-0.031502777777777775,0.008200000000000004,6
17,Allan Saint-Maximin,M,0.23736666666666667,-0.033171428571428574,0.0007380952380952321,7
150,James Milner,M,0.23681666666666673,-0.038408333333333336,0.08000000000000002,2
346,Trezeguet,M,0.23065000000000002,-0.04117291666666667,-0.012341666666666664,8
200,Kortney Hause,D,0.22458333333333338,-0.03088333333333333,0.08140833333333336,2
208,Liam Cooper,D,0.2207,-0.02902575757575758,-0.008962121212121215,11
80,David McGoldrick,F,0.21010000000000006,-0.04443809523809524,-0.014423809523809516,7
86,Diogo Jota,F,0.2060666666666666,-0.02417333333333333,0.017039999999999993,5
25,Anthony Martial,F,0.20491666666666664,-0.0447095238095238,-0.015435714285714284,7
131,Ilkay Gundogan,M,0.20398333333333332,-0.03579444444444445,-0.0017972222222222267,6
9,Ahmed El Mohamady,D,0.20395000000000002,-0.0043166666666666536,0.19963333333333336,1
246,Moussa Djenepo,M,0.19379999999999997,-0.045643333333333334,-0.006883333333333336,5
182,Jordan Henderson,M,0.19281666666666666,-0.034303703703703704,-0.012879629629629635,9
284,Raheem Sterling,F,0.19074999999999998,-0.04516515151515152,-0.02782424242424242,11
349,Victor Lindelof,D,0.19051666666666672,-0.030415277777777777,-0.014538888888888886,12
66,Conor Hourihane,M,0.18856666666666663,-0.056827777777777776,0.006027777777777771,3
216,Marc Albrighton,M,0.18716666666666668,-0.045470000000000003,-0.008036666666666668,5
268,Oriol Romeu,M,0.18063333333333342,-0.037193589743589744,-0.023298717948717945,13
280,Phil Foden,M,0.1726666666666667,-0.04097333333333333,-0.006439999999999994,5
345,Trent Alexander-Arnold,D,0.17046666666666677,-0.030353030303030302,-0.0148560606060606,11
13,Alex Iwobi,M,0.16436666666666666,-0.036569444444444446,-0.009175000000000004,6
2,Aaron Wan-Bissaka,D,0.16273333333333342,-0.02991666666666667,-0.01635555555555555,12
71,Dani Ceballos,M,0.15658333333333338,-0.035810416666666664,-0.0162375,8
12,Aleksandar Mitrovic,F,0.1556333333333333,-0.04781041666666667,-0.02835625,8
240,Michael Keane,D,0.15538333333333343,-0.03049642857142857,-0.01939761904761905,14
90,Dwight McNeil,M,0.15526666666666664,-0.0415423076923077,-0.02959871794871795,13
41,Bernard,M,0.15298333333333336,-0.03265000000000001,0.12033333333333333,1
191,Kalvin Phillips,M,0.15275000000000008,-0.03827833333333334,-0.023003333333333327,10
330,Tanguy Ndombele,M,0.14986666666666668,-0.03929583333333334,-0.020562500000000004,8
359,Youri Tielemans,M,0.14730000000000004,-0.038948809523809524,-0.028427380952380954,14
277,Paul Pogba,M,0.14605000000000004,-0.04743809523809524,-0.02657380952380952,7
286,Raul Jimenez,F,0.14211666666666659,-0.05103148148148148,-0.03524074074074075,9
266,Olivier Giroud,F,0.14100000000000001,-0.038111111111111116,0.008888888888888878,3
294,Robbie Brady,M,0.13981666666666667,-0.035050000000000005,-0.007086666666666663,5
187,Josh Brownhill,M,0.1368666666666668,-0.04069305555555556,-0.029287499999999994,12
24,Angelo Ogbonna,D,0.12566666666666665,-0.03049642857142857,-0.0215202380952381,14
100,Ethan Ampadu,D,0.12293333333333337,-0.038059523809523814,-0.020497619047619042,7
231,Matt Phillips,M,0.12218333333333337,-0.03565,-0.00510416666666666,4
111,Filip Krovinovic,M,0.11970000000000003,-0.03931333333333333,-0.015373333333333333,5
62,Christian Pulisic,M,0.11473333333333333,-0.026729166666666665,0.001954166666666664,4
205,Leander Dendoncker,M,0.11423333333333342,-0.03798,-0.026556666666666662,10
204,Kyle Walker-Peters,D,0.1141666666666667,-0.03049642857142857,-0.02234166666666667,14
254,Nathaniel Phillips,D,0.11350000000000002,-0.026366666666666684,0.030383333333333328,2
96,Eric Dier,D,0.11328333333333337,-0.029615384615384616,-0.02090128205128205,13
67,Conor Townsend,D,0.11251666666666671,-0.025454166666666674,-0.011389583333333331,8
213,Luke Shaw,D,0.10666666666666674,-0.032342592592592596,-0.02049074074074074,9
195,Kenny Tete,D,0.10383333333333333,-0.02946666666666668,0.07436666666666665,1
7,Adama Traore,F,0.10001666666666664,-0.043871428571428575,-0.02958333333333333,7
162,Jimmy Dunne,D,0.09851666666666667,-0.01434166666666668,0.03491666666666665,2
308,Ryan Fredericks,D,0.09595000000000001,-0.033975000000000005,0.014000000000000002,2
33,Ayoze Perez,M,0.09391666666666669,-0.04009722222222222,-0.02444444444444445,6
99,Erik Pieters,D,0.09273333333333333,-0.04195000000000001,0.050783333333333326,1
307,Ryan Fraser,M,0.08968333333333338,-0.015925000000000005,0.028916666666666688,2
10,Ahmed Hegazi,D,0.08698333333333334,-0.04195000000000001,0.045033333333333335,1
85,Dennis Praet,M,0.08656666666666671,-0.040697619047619045,-0.028330952380952373,7
270,Pablo Fornals,M,0.08581666666666661,-0.04129871794871795,-0.0346974358974359,13
227,Mateo Kovacic,M,0.08126666666666672,-0.04138000000000001,-0.025126666666666665,5
130,Helder Costa,F,0.08036666666666666,-0.05748333333333334,-0.04600238095238096,7
142,Jairo Riedewald,M,0.07935000000000005,-0.03719666666666667,-0.02132666666666666,5
83,Declan Rice,M,0.07798333333333336,-0.038948809523809524,-0.03337857142857143,14
166,Joe Bryan,D,0.07751666666666668,-0.02266250000000001,-0.0032833333333333404,4
315,Seamus Coleman,D,0.07638333333333339,-0.01592916666666667,0.00316666666666667,4
76,Danny Welbeck,F,0.07581666666666664,-0.031066666666666663,-0.018430555555555565,6
357,Willy Boly,D,0.07576666666666672,-0.02682638888888889,-0.0205125,12
235,Matthew Lowton,D,0.07471666666666675,-0.03270555555555556,-0.0244037037037037,9
312,Scott Dann,D,0.07271666666666671,-0.025969047619047624,-0.015580952380952378,7
340,Toby Alderweireld,D,0.07168333333333338,-0.03901999999999999,-0.03185166666666666,10
224,Mason Holgate,D,0.07138333333333335,-0.01809666666666667,-0.0038200000000000083,5
15,Alexandre Lacazette,F,0.07048333333333329,-0.045977083333333335,-0.03716666666666667,8
73,Daniel James,M,0.06956666666666664,-0.03753333333333332,-0.0027500000000000094,2
54,Cesar Azpilicueta,D,0.06783333333333336,-0.03752916666666667,-0.020570833333333337,4
243,Miguel Almiron,M,0.06738333333333338,-0.0438404761904762,-0.03421428571428572,7
189,Juan Mata,M,0.06393333333333341,-0.03148888888888889,-0.010177777777777758,3
114,Gabriel Magalhaes,D,0.06376666666666671,-0.03085694444444444,-0.025543055555555555,12
109,Fernandinho,D,0.06111666666666667,-0.038525000000000004,-0.007966666666666669,2
103,Fabian Balbuena,D,0.05921666666666668,-0.0322439393939394,-0.02686060606060606,11
238,Maximilian Kilman,D,0.057683333333333364,-0.03961190476190476,-0.03137142857142857,7
31,Ashley Westwood,M,0.05741666666666667,-0.0415423076923077,-0.037125641025641025,13
27,Antonio Rudiger,D,0.056900000000000006,-0.06246666666666667,-0.005566666666666664,1
167,Joe Rodon,D,0.056633333333333355,0.015416666666666634,0.07204999999999999,1
333,Thiago,M,0.05501666666666664,-0.03673333333333332,0.018283333333333318,1
290,Rhys Williams,D,0.05291666666666667,-0.0043166666666666536,0.04860000000000001,1
335,Thomas Partey,M,0.05195000000000004,-0.04575833333333334,-0.01978333333333332,2
11,Ainsley Maitland-Niles,M,0.051216666666666674,-0.0272375,-0.014433333333333336,4
259,Nemanja Matic,M,0.05010000000000002,-0.03555,-0.023024999999999997,4
256,Neco Williams,D,0.0464,-0.04601666666666667,0.00038333333333332814,1
190,Kai Havertz,M,0.04219999999999999,-0.03730185185185185,-0.03261296296296297,9
297,Rodrigo,M,0.040850000000000046,-0.04069305555555556,-0.037288888888888885,12
210,Lucas Moura,M,0.036899999999999974,-0.04132777777777778,-0.029027777777777788,3
212,Luke Ayling,D,0.03370000000000013,-0.03049642857142857,-0.028089285714285712,14
170,Joel Ward,D,0.03359999999999999,-0.02281944444444445,-0.01721944444444445,6
262,Ola Aina,D,0.032116666666666724,-0.032707575757575755,-0.029787878787878794,11
63,Ciaran Clark,D,0.031316666666666715,-0.03128000000000001,-0.02501666666666666,5
248,N'Golo Kante,M,0.03118333333333332,-0.038948809523809524,-0.03672142857142857,14
65,Conor Gallagher,M,0.027933333333333366,-0.03803166666666667,-0.03523833333333333,10
174,John Fleck,M,0.027083333333333424,-0.035440476190476196,-0.03157142857142856,7
214,Luke Thomas,D,0.025733333333333344,-0.06815,-0.04241666666666666,1
305,Ruben Vinagre,D,0.02513333333333334,0.0007833333333333211,0.02591666666666666,1
171,Joelinton,F,0.02396666666666672,-0.039193750000000006,-0.03619791666666668,8
23,Andy Carroll,F,0.020666666666666667,-0.08998333333333335,-0.06931666666666668,1
92,Eddie Nketiah,F,0.016883333333333347,-0.04916666666666668,-0.040725000000000004,2
48,Bukayo Saka,M,0.015033333333333405,-0.04163484848484849,-0.04026818181818182,11
68,Curtis Jones,M,0.01230000000000004,-0.039483333333333336,-0.03702333333333333,5
82,DeAndre Yedlin,D,0.011733333333333318,-0.05745,-0.04571666666666668,1
344,Tosin Adarabioyo,D,0.011116666666666775,-0.03363000000000001,-0.03251833333333333,10
115,Gareth Bale,M,0.008583333333333349,-0.03265000000000001,-0.024066666666666663,1
339,Timothy Fosu-Mensah,D,0.006600000000000033,-0.02946666666666668,-0.022866666666666646,1
194,Kelechi Iheanacho,F,0.0058833333333333585,-0.06618333333333336,-0.0603,1
178,Jonjo Shelvey,M,0.005416666666666695,-0.04092916666666667,-0.04025208333333333,8
3,Abdoulaye Doucoure,M,0.0014500000000000138,-0.040141025641025646,-0.04002948717948718,13
113,Gabriel Jesus,F,-0.0014333333333332865,-0.03966428571428571,-0.039869047619047616,7
304,Ruben Neves,M,-0.0036833333333333024,-0.041591666666666666,-0.041960000000000004,10
276,Paul Dummett,D,-0.003883333333333329,-0.05745,-0.06133333333333333,1
104,Fabian Delph,M,-0.00421666666666666,-0.06806666666666666,-0.07228333333333332,1
350,Virgil van Dijk,D,-0.006016666666666601,-0.02266250000000001,-0.02416666666666666,4
342,Tom Davies,M,-0.009083333333333311,-0.04368333333333333,-0.0467111111111111,3
120,Grady Diangana,M,-0.009733333333333379,-0.03650333333333334,-0.03747666666666667,10
263,Oliver Burke,M,-0.010233333333333317,-0.04781666666666666,-0.04986333333333333,5
186,Josh Benson,M,-0.010816666666666676,-0.05173333333333333,-0.06255000000000001,1
53,Cengiz Under,M,-0.01188333333333332,-0.0084,-0.02028333333333332,1
50,Callum Hudson-Odoi,F,-0.01708333333333332,-0.054466666666666684,-0.07155,1
314,Sead Kolasinac,D,-0.018883333333333325,-0.02946666666666668,-0.048350000000000004,1
320,Sergio Aguero,F,-0.019499999999999962,-0.06618333333333336,-0.08568333333333332,1
172,Johann Gudmundsson,M,-0.020033333333333316,-0.028422222222222224,-0.0351,3
185,Joseph Willock,M,-0.020066666666666656,-0.05173333333333333,-0.07179999999999999,1
49,Caglar Soyuncu,D,-0.02038333333333333,-0.02266250000000001,-0.02775833333333334,4
249,Naby Keita,M,-0.02081666666666667,-0.05236111111111111,-0.0593,3
134,Ivan Cavaleiro,F,-0.022349999999999953,-0.04897333333333334,-0.05120833333333332,10
98,Erik Lamela,M,-0.02289999999999999,-0.06806666666666666,-0.09096666666666665,1
42,Bernardo Silva,M,-0.023783333333333337,-0.03833333333333333,-0.04309,5
255,Neal Maupay,F,-0.0238666666666668,-0.044570000000000005,-0.046956666666666674,10
260,Nicolas Pepe,F,-0.02486666666666664,-0.0548388888888889,-0.06312777777777778,3
261,Niels Nkounkou,D,-0.02914999999999998,-0.06815,-0.09729999999999998,1
226,Matej Vydra,F,-0.029833333333333344,-0.03518333333333332,-0.06501666666666667,1
179,Jonjoe Kenny,D,-0.03165,-0.06815,-0.0998,1
32,Aymeric Laporte,D,-0.03283333333333338,-0.0376625,-0.04587083333333335,4
38,Ben Osborn,M,-0.03476666666666665,-0.04047222222222223,-0.05206111111111111,3
328,Takumi Minamino,F,-0.03476666666666667,-0.025758333333333328,-0.04314166666666666,2
237,Maxime Le Marchand,D,-0.03499999999999999,-0.02348333333333334,-0.05848333333333333,1
222,Marvelous Nakamba,M,-0.03551666666666666,-0.0084,-0.04391666666666666,1
69,Dale Stephens,M,-0.03693333333333334,-0.04898333333333334,-0.06745000000000001,2
119,Giovani Lo Celso,M,-0.037083333333333315,-0.05859166666666667,-0.07713333333333333,2
139,Jack Stephens,D,-0.03911666666666665,-0.021500000000000002,-0.03453888888888889,3
141,Jacob Ramsey,M,-0.04198333333333332,-0.03566666666666668,-0.07765,1
88,Donny van de Beek,M,-0.043199999999999995,-0.05173333333333333,-0.09493333333333333,1
35,Ben Davies,D,-0.04373333333333332,-0.019743333333333335,-0.028490000000000005,5
252,Nathan Redmond,M,-0.04508333333333332,-0.02180555555555556,-0.036833333333333336,3
236,Max Lowe,D,-0.04669999999999995,-0.027937500000000004,-0.03961249999999999,4
51,Callum Robinson,F,-0.04709999999999999,-0.053297222222222225,-0.06114722222222222,6
70,Dan Burn,D,-0.048066666666666674,-0.03629333333333334,-0.04590666666666667,5
93,Emil Krafth,D,-0.04845000000000002,-0.037672222222222225,-0.05382222222222224,3
163,Joachim Andersen,D,-0.04873333333333333,-0.033389583333333334,-0.03948125,8
324,Steven Alzate,F,-0.048949999999999966,-0.06657333333333335,-0.07636333333333332,5
311,Sander Berge,M,-0.0491166666666666,-0.0448469696969697,-0.04931212121212121,11
257,Neeskens Kebano,M,-0.05026666666666667,-0.005233333333333349,-0.055500000000000015,1
61,Christian Fuchs,D,-0.05371666666666655,-0.029612500000000003,-0.03632708333333332,8
40,Benjamin Mendy,D,-0.05453333333333326,-0.014513888888888897,-0.023602777777777778,6
355,William Smallbone,M,-0.05483333333333333,-0.005233333333333349,-0.06006666666666668,1
175,John Lundstram,M,-0.05506666666666661,-0.03975,-0.04663333333333333,8
242,Michy Batshuayi,F,-0.0584166666666667,-0.03866666666666667,-0.05327083333333334,4
101,Ezgjan Alioski,M,-0.05869999999999995,-0.03426428571428572,-0.04265,7
188,Josh Onomah,M,-0.05898333333333331,-0.005233333333333349,-0.06421666666666666,1
218,Marcos Alonso,D,-0.059666666666666646,-0.033975000000000005,-0.06380833333333333,2
306,Ryan Bertrand,D,-0.060266666666666524,-0.03310769230769231,-0.03774358974358974,13
281,Phil Jagielka,D,-0.06165,-0.04758333333333333,-0.10923333333333334,1
232,Matt Ritchie,M,-0.06283333333333327,-0.043661111111111116,-0.06460555555555554,3
137,Jack O'Connell,D,-0.06483333333333334,-0.033975000000000005,-0.06639166666666668,2
72,Daniel Amartey,D,-0.06499999999999997,0.0007833333333333211,-0.06421666666666666,1
158,Javier Manquillo,D,-0.06616666666666657,-0.022843333333333347,-0.03607666666666666,5
4,Aboubakar Kamara,F,-0.06628333333333332,-0.08998333333333335,-0.15626666666666666,1
220,Mario Lemina,M,-0.07465,-0.030633333333333342,-0.04929583333333334,4
271,Pablo Hernandez,M,-0.07721666666666661,-0.03665000000000001,-0.07525833333333332,2
169,Joel Veltman,D,-0.08073333333333327,-0.028352777777777782,-0.041808333333333336,6
279,Phil Bardsley,D,-0.08096666666666666,-0.017388888888888898,-0.04437777777777779,3
310,Said Benrahma,F,-0.08474999999999996,-0.041516666666666674,-0.08389166666666667,2
269,Owen Otasowie,M,-0.08785000000000001,-0.03833333333333333,-0.12618333333333334,1
149,James McCarthy,M,-0.09045,-0.04124166666666667,-0.06385416666666667,4
289,Rhian Brewster,F,-0.0919166666666667,-0.052358333333333326,-0.09831666666666668,2
275,Patrick van Aanholt,D,-0.09309999999999992,-0.033389583333333334,-0.04502708333333333,8
193,Kean Bryan,D,-0.09421666666666664,-0.015300000000000018,-0.06240833333333333,2
160,Jeff Hendrick,M,-0.09736666666666666,-0.03860000000000001,-0.04833666666666667,10
140,Jacob Murphy,M,-0.09780000000000005,-0.03153000000000001,-0.05109000000000001,5
95,Eric Bailly,D,-0.09919999999999998,-0.02348333333333334,-0.12268333333333332,1
117,George Baldock,D,-0.10143333333333326,-0.03049642857142857,-0.037741666666666666,14
148,James McArthur,M,-0.10233333333333325,-0.03781388888888889,-0.04634166666666667,12
251,Nathan Ake,D,-0.10556666666666666,-0.018737500000000004,-0.04512916666666667,4
5,Adam Lallana,M,-0.10718333333333332,-0.03780238095238094,-0.05311428571428572,7
356,Willian,F,-0.10995000000000009,-0.049604545454545464,-0.05960000000000001,11
221,Mark Noble,M,-0.11065000000000001,-0.02178333333333334,-0.07710833333333335,2
89,Douglas Luiz,M,-0.11451666666666666,-0.04285909090909091,-0.05326969696969697,11
16,Allan,M,-0.11659999999999991,-0.041596969696969695,-0.05219696969696969,11
107,Fabio Silva,F,-0.11933333333333329,-0.041516666666666674,-0.10118333333333332,2
217,Marcal,D,-0.1217333333333333,-0.02419666666666667,-0.048543333333333334,5
6,Adam Webster,D,-0.12421666666666667,-0.029182051282051282,-0.0387371794871795,13
327,Stuart Dallas,M,-0.1242333333333333,-0.038948809523809524,-0.04782261904761904,14
347,Tyrick Mitchell,D,-0.12551666666666655,-0.026638888888888896,-0.04755833333333332,6
265,Oliver Norwood,M,-0.1256333333333333,-0.024925000000000006,-0.05633333333333333,4
97,Eric Garcia,D,-0.12793333333333332,-0.013225000000000006,-0.07719166666666667,2
112,Fred,M,-0.1308833333333333,-0.03896458333333333,-0.055325,8
215,Mamadou Sakho,D,-0.13224999999999995,-0.017388888888888898,-0.06147222222222221,3
180,Jonny Evans,D,-0.13594999999999993,-0.028653333333333343,-0.04224833333333333,10
165,Joao Moutinho,M,-0.1362666666666666,-0.041303703703703704,-0.05644444444444444,9
110,Ferran Torres,F,-0.13845000000000002,-0.03897777777777777,-0.06205277777777778,6
302,Ruben Dias,D,-0.13856666666666664,-0.032707575757575755,-0.04530454545454546,11
199,Kieran Tierney,D,-0.1398166666666665,-0.030575641025641025,-0.04133076923076922,13
118,Georginio Wijnaldum,M,-0.1425833333333333,-0.039119230769230774,-0.05008717948717949,13
44,Billy Sharp,F,-0.14834999999999998,-0.05551666666666667,-0.12969166666666665,2
353,Wilfred Ndidi,M,-0.14893333333333328,-0.029880000000000007,-0.059666666666666666,5
138,Jack Robinson,D,-0.16031666666666658,-0.02111666666666667,-0.06119583333333332,4
181,Jordan Ayew,F,-0.16316666666666668,-0.0474125,-0.06780833333333335,8
124,Harrison Reed,M,-0.16359999999999994,-0.03500952380952382,-0.05838095238095238,7
39,Ben White,D,-0.16468333333333324,-0.03049642857142857,-0.042259523809523816,14
127,Harry Winks,M,-0.1660333333333333,-0.04132777777777778,-0.09667222222222221,3
316,Sean Longstaff,M,-0.16666666666666669,-0.03713333333333334,-0.060942857142857146,7
239,Michael Hector,D,-0.16724999999999995,-0.033975000000000005,-0.1176,2
202,Kyle Bartley,D,-0.16853333333333323,-0.022533333333333343,-0.0436,8
20,Andreas Christensen,D,-0.17013333333333333,-0.026550000000000008,-0.08326111111111112,3
59,Chris Wood,F,-0.1706666666666667,-0.04116538461538462,-0.05429358974358975,13
197,Kevin Long,D,-0.17184999999999997,-0.031583333333333345,-0.06022500000000001,6
223,Mason Greenwood,F,-0.17541666666666664,-0.04582777777777778,-0.07506388888888889,6
273,Pascal Struijk,D,-0.1778666666666667,-0.02566111111111111,-0.08495000000000001,3
30,Ashley Barnes,F,-0.18034999999999993,-0.038745238095238096,-0.06450952380952381,7
79,David Luiz,D,-0.1845333333333333,-0.030525000000000007,-0.07665833333333333,4
84,Denis Odoi,D,-0.1861,-0.0223888888888889,-0.08442222222222222,3
133,Issa Diop,D,-0.18714999999999998,-0.024088888888888885,-0.08647222222222221,3
293,Rob Holding,D,-0.18798333333333336,-0.03497,-0.05376833333333334,10
81,Davinson Sanchez,D,-0.1883833333333333,-0.023529166666666677,-0.070625,4
18,Andre Gomes,M,-0.19733333333333336,-0.04575666666666667,-0.08522333333333335,5
105,Fabian Schar,D,-0.19908333333333333,-0.030644444444444443,-0.09700555555555555,3
184,Joseph Gomez,D,-0.20520000000000002,-0.025519444444444445,-0.05971944444444444,6
360,Yves Bissouma,M,-0.21569999999999986,-0.037561538461538466,-0.05415384615384615,13
116,Gary Cahill,D,-0.21663333333333326,-0.035516666666666676,-0.07884333333333333,5
45,Bobby De Cordova-Reid,F,-0.23081666666666667,-0.04002407407407407,-0.06567037037037037,9
283,Pierre-Emile Hojbjerg,M,-0.23911666666666656,-0.038948809523809524,-0.05602857142857142,14
198,Kieran Gibbs,D,-0.25343333333333334,-0.033416666666666664,-0.11789444444444445,3
336,Tim Ream,D,-0.2565666666666666,-0.026073333333333337,-0.07738666666666666,5
303,Ruben Loftus-Cheek,M,-0.2581,-0.031630952380952385,-0.06850238095238097,7
77,Dara O'Shea,D,-0.26098333333333323,-0.024568750000000004,-0.05719166666666666,8
144,Jamaal Lascelles,D,-0.26203333333333334,-0.02872142857142857,-0.06615476190476191,7
0,Aaron Connolly,F,-0.26336666666666664,-0.04395277777777778,-0.08784722222222223,6
58,Chris Basham,D,-0.26523333333333327,-0.03049642857142857,-0.04944166666666666,14
282,Pierre-Emerick Aubameyang,F,-0.26689999999999997,-0.04529102564102565,-0.06582179487179488,13
36,Ben Godfrey,M,-0.29516666666666663,-0.0346952380952381,-0.07686190476190477,7
159,Jay Rodriguez,F,-0.3034166666666666,-0.04457333333333334,-0.10525666666666667,5
211,Luka Milivojevic,M,-0.31129999999999997,-0.03901944444444445,-0.09090277777777778,6
132,Isaac Hayden,M,-0.32599999999999996,-0.0334452380952381,-0.08001666666666667,7
253,Nathaniel Clyne,D,-0.3409833333333333,-0.03625416666666667,-0.07887708333333335,8
247,Moussa Sissoko,M,-0.3464833333333333,-0.03830000000000001,-0.06979848484848485,11
64,Conor Coady,D,-0.3477333333333333,-0.028037179487179487,-0.05478589743589744,13
46,Branislav Ivanovic,D,-0.34858333333333325,-0.039711904761904775,-0.08950952380952382,7
106,Fabinho,M,-0.34859999999999997,-0.03993939393939394,-0.07163030303030303,11
300,Romaine Sawyers,M,-0.3537666666666666,-0.03843833333333334,-0.073815,10
145,Jamal Lewis,D,-0.36834999999999996,-0.02947878787878788,-0.0629651515151515,11
244,Mohamed Elneny,M,-0.37088333333333334,-0.03578958333333333,-0.08215,8
143,Jake Livermore,M,-0.40125,-0.033275000000000006,-0.08343125,8
121,Granit Xhaka,M,-0.4164333333333333,-0.040147916666666665,-0.09220208333333332,8
94,Enda Stevens,D,-0.46373333333333333,-0.030353030303030302,-0.07251060606060605,11
207,Lewis Dunk,D,-0.4676666666666666,-0.03045606060606061,-0.0729712121212121,11
192,Karlan Grant,F,-0.49449999999999994,-0.03702222222222222,-0.09196666666666667,9
250,Nampalys Mendy,M,-0.4984333333333333,-0.03927361111111111,-0.08080972222222223,12
173,John Egan,D,-0.5383,-0.033188888888888886,-0.07804722222222223,12
318,Semi Ajayi,D,-0.5861666666666665,-0.029615384615384616,-0.07470512820512822,13
325,Steven Bergwijn,F,-0.5930833333333332,-0.03647500000000001,-0.1353222222222222,6
108,Federico Fernandez,D,-0.61795,-0.025081818181818184,-0.0812590909090909,11
57,Cheikhou Kouyate,M,-0.6805333333333333,-0.038948809523809524,-0.08755833333333332,14
